{
  "multipart": [
    {
      "when": {
        "up": "true"
      },
        "apply":    [
                    { "model": "minecraft:block/glow_lichen/glow_lichen_silk_1" },
                    { "model": "minecraft:block/glow_lichen/glow_lichen_silk_2" },
                    { "model": "minecraft:block/glow_lichen/glow_lichen_silk_3" },
                    { "model": "minecraft:block/glow_lichen/glow_lichen_silk_4" },
                    { "model": "minecraft:block/glow_lichen/glow_lichen_silk_5" },
                    { "model": "minecraft:block/glow_lichen/glow_lichen_silk_6" },
                    { "model": "minecraft:block/glow_lichen/glow_lichen_silk_7" },
                    { "model": "minecraft:block/glow_lichen/glow_lichen_silk_8" }
                    ]
	},
    {
      "when": {
        "up": "false",
        "north": "false",
        "west": "false",
        "south": "false",
        "east": "false",
        "down": "false"
      },
      "apply": {
        "model": "minecraft:block/glow_lichen",
        "x": 270,
        "uvlock": true
      }
    },
    {
      "when": {
        "north": "true"
      },
        "apply":  [
          { "model": "minecraft:block/glow_lichen/glow_lichen_side_1", "y": 0, "uvlock": false },
          { "model": "minecraft:block/glow_lichen/glow_lichen_side_2", "y": 0, "uvlock": false },
          { "model": "minecraft:block/glow_lichen/glow_lichen_side_3", "y": 0, "uvlock": false },
          { "model": "minecraft:block/glow_lichen/glow_lichen_side_4", "y": 0, "uvlock": false }
          ]
	},
    {
      "when": {
        "up": "false",
        "north": "false",
        "west": "false",
        "south": "false",
        "east": "false",
        "down": "false"
      },
      "apply": {
        "model": "minecraft:block/glow_lichen"
      }
    },
    {
      "when": {
        "west": "true"
      },
        "apply":  [
          { "model": "minecraft:block/glow_lichen/glow_lichen_side_1", "y": 270, "uvlock": false },
          { "model": "minecraft:block/glow_lichen/glow_lichen_side_2", "y": 270, "uvlock": false },
          { "model": "minecraft:block/glow_lichen/glow_lichen_side_3", "y": 270, "uvlock": false },
          { "model": "minecraft:block/glow_lichen/glow_lichen_side_4", "y": 270, "uvlock": false }
          ]
	},
    {
      "when": {
        "up": "false",
        "north": "false",
        "west": "false",
        "south": "false",
        "east": "false",
        "down": "false"
      },
      "apply": {
        "model": "minecraft:block/glow_lichen",
        "y": 270,
        "uvlock": true
      }
    },
    {
      "when": {
        "south": "true"
      },
        "apply":  [
          { "model": "minecraft:block/glow_lichen/glow_lichen_side_1", "y": 180, "uvlock": false },
          { "model": "minecraft:block/glow_lichen/glow_lichen_side_2", "y": 180, "uvlock": false },
          { "model": "minecraft:block/glow_lichen/glow_lichen_side_3", "y": 180, "uvlock": false },
          { "model": "minecraft:block/glow_lichen/glow_lichen_side_4", "y": 180, "uvlock": false }
          ]
	},
    {
      "when": {
        "up": "false",
        "north": "false",
        "west": "false",
        "south": "false",
        "east": "false",
        "down": "false"
      },
      "apply": {
        "model": "minecraft:block/glow_lichen",
        "y": 180,
        "uvlock": true
      }
    },
    {
      "when": {
        "east": "true"
      },
        "apply":  [
                  { "model": "minecraft:block/glow_lichen/glow_lichen_side_1", "y": 90, "uvlock": false },
                  { "model": "minecraft:block/glow_lichen/glow_lichen_side_2", "y": 90, "uvlock": false },
                  { "model": "minecraft:block/glow_lichen/glow_lichen_side_3", "y": 90, "uvlock": false },
                  { "model": "minecraft:block/glow_lichen/glow_lichen_side_4", "y": 90, "uvlock": false }
                  ]
      },
    {
      "when": {
        "up": "false",
        "north": "false",
        "west": "false",
        "south": "false",
        "east": "false",
        "down": "false"
      },
      "apply": {
        "model": "minecraft:block/glow_lichen",
        "y": 90,
        "uvlock": true
      }
    },
      {
        "when": {
          "down": "true"
        },
        "apply": [
            { "model": "minecraft:block/glow_lichen/glow_lichen_shroom_1", "y": 0 },
            { "model": "minecraft:block/glow_lichen/glow_lichen_shroom_1", "y": 90 },
            { "model": "minecraft:block/glow_lichen/glow_lichen_shroom_1", "y": 180 },
            { "model": "minecraft:block/glow_lichen/glow_lichen_shroom_1", "y": 270 },
            { "model": "minecraft:block/glow_lichen/glow_lichen_shroom_2", "y": 0 },
            { "model": "minecraft:block/glow_lichen/glow_lichen_shroom_2", "y": 90 },
            { "model": "minecraft:block/glow_lichen/glow_lichen_shroom_2", "y": 180 },
            { "model": "minecraft:block/glow_lichen/glow_lichen_shroom_2", "y": 270 },
            { "model": "minecraft:block/glow_lichen/glow_lichen_shroom_3", "y": 0 },
            { "model": "minecraft:block/glow_lichen/glow_lichen_shroom_3", "y": 90 },
            { "model": "minecraft:block/glow_lichen/glow_lichen_shroom_3", "y": 180 },
            { "model": "minecraft:block/glow_lichen/glow_lichen_shroom_3", "y": 270 },
            { "model": "minecraft:block/glow_lichen/glow_lichen_shroom_4", "y": 0 },
            { "model": "minecraft:block/glow_lichen/glow_lichen_shroom_4", "y": 90 },
            { "model": "minecraft:block/glow_lichen/glow_lichen_shroom_4", "y": 180 },
            { "model": "minecraft:block/glow_lichen/glow_lichen_shroom_4", "y": 270 }
        ]
      },
    {
      "when": {
        "up": "false",
        "north": "false",
        "west": "false",
        "south": "false",
        "east": "false",
        "down": "false"
      },
      "apply": {
        "model": "minecraft:block/glow_lichen",
        "x": 90,
        "uvlock": true
      }
    }
  ]
}